﻿<?xml version="1.0" encoding="utf-8"?>
<opm-metadata xmlns="http://oscript.io/schemas/opm-metadata/1.0">
    <name>fluent</name>
    <version>0.2.1</version>
    <description>Библиотека для работы с коллекциями в "текучем" стиле</description>
    <author>Nikita Gryzlov</author>
    <author-email>nixel2007@gmail.com</author-email>
    <engine-version>1.0.15.211</engine-version>
    <depends-on name="logos" />
    <depends-on name="notify" version="0.1.1" />
    <depends-on name="strings" />
    <depends-on name="tempfiles" />
</opm-metadata>